o,start,end
_:b0,1685454455140,1687268855140
_:b1,1685454455140,1687268855140
_:b2,1685454455140,1687268855140
_:b3,1687268855140,1687268855140
_:b4,1687268855140,1687268855140
_:b5,1685454455140,1687268855140
_:b6,1687268855140,1687268855140
_:b7,1687268855140,1687268855140
_:b8,1685454455140,1687268855140
_:b9,1687268855140,1687268855140
_:b10,1687268855140,1687268855140
_:b11,1685454455140,1687268855140
_:b12,1685454455140,1687268855140
_:b13,1685454455140,1687268855140
_:b14,1685454455140,1687268855140
_:b15,1687268855140,1687268855140
_:b16,1685454455140,1687268855140
_:b17,1685454455140,1687268855140
_:b18,1685454455140,1687268855140
_:b19,1685454455140,1687268855140
_:b20,1685454455140,1687268855140
_:b21,1687268855140,1687268855140
_:b22,1685454455140,1687268855140
_:b23,1687268855140,1687268855140
_:b24,1687268855140,1687268855140
_:b25,1687268855140,1687268855140
_:b26,1687268855140,1687268855140
_:b27,1685454455140,1687268855140
_:b28,1685454455140,1687268855140
_:b29,1687268855140,1687268855140
_:b30,1687268855140,1687268855140
_:b31,1685454455140,1687268855140
_:b32,1685454455140,1687268855140
_:b33,1687268855140,1687268855140
_:b34,1687268855140,1687268855140
_:b35,1685454455140,1687268855140
_:b36,1687268855140,1687268855140
_:b37,1685454455140,1687268855140
_:b38,1687268855140,1687268855140
_:b39,1685454455140,1687268855140
_:b40,1685454455140,1687268855140
_:b41,1687268855140,1687268855140
_:b42,1685454455140,1687268855140
_:b43,1685454455140,1687268855140
_:b44,1685454455140,1687268855140
_:b45,1687268855140,1687268855140
_:b46,1687268855140,1687268855140
_:b47,1685454455140,1687268855140
_:b48,1685454455140,1687268855140
_:b49,1685454455140,1687268855140
_:b50,1687268855140,1687268855140
_:b51,1685454455140,1687268855140
_:b52,1687268855140,1687268855140
_:b53,1687268855140,1687268855140
_:b54,1687268855140,1687268855140
_:b55,1687268855140,1687268855140
_:b56,1685454455140,1687268855140
_:b57,1687268855140,1687268855140
_:b58,1685454455140,1687268855140
_:b59,1685454455140,1687268855140
_:b60,1685454455140,1687268855140
_:b61,1687268855140,1687268855140
_:b62,1685454455140,1687268855140
_:b63,1687268855140,1687268855140
_:b64,1685454455140,1687268855140
_:b65,1685454455140,1687268855140
_:b66,1685454455140,1687268855140
_:b67,1687268855140,1687268855140
_:b68,1685454455140,1687268855140
_:b69,1687268855140,1687268855140
_:b70,1685454455140,1687268855140
_:b71,1685454455140,1687268855140
_:b72,1685454455140,1687268855140
_:b73,1685454455140,1687268855140
_:b74,1687268855140,1687268855140
_:b75,1685454455140,1687268855140
_:b76,1687268855140,1687268855140
_:b77,1687268855140,1687268855140
_:b78,1687268855140,1687268855140
_:b79,1685454455140,1687268855140
_:b80,1685454455140,1687268855140
_:b81,1685454455140,1687268855140
_:b82,1685454455140,1687268855140
_:b83,1685454455140,1687268855140
_:b84,1685454455140,1687268855140
_:b85,1685454455140,1687268855140
_:b86,1687268855140,1687268855140
_:b87,1687268855140,1687268855140
_:b88,1685454455140,1687268855140
_:b89,1685454455140,1687268855140
_:b90,1685454455140,1687268855140
_:b91,1685454455140,1687268855140
_:b92,1685454455140,1687268855140
_:b93,1685454455140,1687268855140
_:b94,1685454455140,1687268855140
_:b95,1687268855140,1687268855140
_:b96,1687268855140,1687268855140
_:b97,1685454455140,1687268855140
_:b98,1687268855140,1687268855140
_:b99,1685454455140,1687268855140
_:b100,1685454455140,1687268855140
_:b101,1687268855140,1687268855140
_:b102,1687268855140,1687268855140
_:b103,1687268855140,1687268855140
_:b104,1685454455140,1687268855140
_:b105,1685454455140,1687268855140
_:b106,1685454455140,1687268855140
_:b107,1687268855140,1687268855140
_:b108,1685454455140,1687268855140
_:b109,1685454455140,1687268855140
_:b110,1685454455140,1687268855140
_:b111,1685454455140,1687268855140
_:b112,1687268855140,1687268855140
_:b113,1687268855140,1687268855140
_:b114,1687268855140,1687268855140
_:b115,1685454455140,1687268855140
_:b116,1685454455140,1687268855140
_:b117,1685454455140,1687268855140
_:b118,1687268855140,1687268855140
_:b119,1687268855140,1687268855140
_:b120,1685454455140,1687268855140
_:b121,1687268855140,1687268855140
_:b122,1685454455140,1687268855140
_:b123,1687268855140,1687268855140
_:b124,1685454455140,1687268855140
_:b125,1685454455140,1687268855140
_:b126,1687268855140,1687268855140
_:b127,1685454455140,1687268855140
_:b128,1685454455140,1687268855140
_:b129,1687268855140,1687268855140
_:b130,1687268855140,1687268855140
_:b131,1687268855140,1687268855140
_:b132,1685454455140,1687268855140
_:b133,1685454455140,1687268855140
_:b134,1687268855140,1687268855140
_:b135,1685454455140,1687268855140
_:b136,1685454455140,1687268855140
_:b137,1687268855140,1687268855140
_:b138,1687268855140,1687268855140
_:b139,1687268855140,1687268855140
_:b140,1685454455140,1687268855140
_:b141,1687268855140,1687268855140
_:b142,1687268855140,1687268855140
_:b143,1687268855140,1687268855140
_:b144,1687268855140,1687268855140
_:b145,1687268855140,1687268855140
_:b146,1685454455140,1687268855140
_:b147,1685454455140,1687268855140
_:b148,1687268855140,1687268855140
_:b149,1685454455140,1687268855140
_:b150,1685454455140,1687268855140
_:b151,1687268855140,1687268855140
_:b152,1685454455140,1687268855140
_:b153,1685454455140,1687268855140
_:b154,1687268855140,1687268855140
_:b155,1685454455140,1687268855140
_:b156,1685454455140,1687268855140
_:b157,1687268855140,1687268855140
_:b158,1685454455140,1687268855140
_:b159,1685454455140,1687268855140
_:b160,1687268855140,1687268855140
_:b161,1685454455140,1687268855140
_:b162,1687268855140,1687268855140
_:b163,1685454455140,1687268855140
_:b164,1685454455140,1687268855140
_:b165,1687268855140,1687268855140
_:b166,1687268855140,1687268855140
_:b167,1687268855140,1687268855140
_:b168,1687268855140,1687268855140
_:b169,1687268855140,1687268855140
_:b170,1687268855140,1687268855140
_:b171,1687268855140,1687268855140
_:b172,1685454455140,1687268855140
_:b173,1685454455140,1687268855140
_:b174,1687268855140,1687268855140
_:b175,1685454455140,1687268855140
_:b176,1685454455140,1687268855140
_:b177,1685454455140,1687268855140
_:b178,1685454455140,1687268855140
_:b179,1687268855140,1687268855140
_:b180,1685454455140,1687268855140
_:b181,1685454455140,1687268855140
_:b182,1685454455140,1687268855140
_:b183,1685454455140,1687268855140
_:b184,1685454455140,1687268855140
_:b185,1685454455140,1687268855140
_:b186,1687268855140,1687268855140
_:b187,1685454455140,1687268855140
_:b188,1685454455140,1687268855140
_:b189,1685454455140,1687268855140
_:b190,1685454455140,1687268855140
_:b191,1687268855140,1687268855140
_:b192,1687268855140,1687268855140
_:b193,1685454455140,1687268855140
_:b194,1685454455140,1687268855140
_:b195,1685454455140,1687268855140
_:b196,1685454455140,1687268855140
_:b197,1687268855140,1687268855140
_:b198,1687268855140,1687268855140
_:b199,1687268855140,1687268855140
_:b200,1685454455140,1687268855140
_:b201,1685454455140,1687268855140
_:b202,1685454455140,1687268855140
_:b203,1687268855140,1687268855140
_:b204,1687268855140,1687268855140
_:b205,1685454455140,1687268855140
_:b206,1687268855140,1687268855140
_:b207,1685454455140,1687268855140
_:b208,1685454455140,1687268855140
_:b209,1685454455140,1687268855140
_:b210,1687268855140,1687268855140
_:b211,1687268855140,1687268855140
_:b212,1687268855140,1687268855140
_:b213,1685454455140,1687268855140
_:b214,1687268855140,1687268855140
_:b215,1685454455140,1687268855140
_:b216,1687268855140,1687268855140
_:b217,1685454455140,1687268855140
_:b218,1687268855140,1687268855140
_:b219,1687268855140,1687268855140
_:b220,1685454455140,1687268855140
_:b221,1685454455140,1687268855140
_:b222,1687268855140,1687268855140
_:b223,1687268855140,1687268855140
_:b224,1687268855140,1687268855140
_:b225,1687268855140,1687268855140
_:b226,1687268855140,1687268855140
_:b227,1687268855140,1687268855140
_:b228,1687268855140,1687268855140
_:b229,1687268855140,1687268855140
_:b230,1687268855140,1687268855140
_:b231,1687268855140,1687268855140
_:b232,1685454455140,1687268855140
_:b233,1685454455140,1687268855140
_:b234,1687268855140,1687268855140
_:b235,1687268855140,1687268855140
_:b236,1685454455140,1687268855140
_:b237,1687268855140,1687268855140
_:b238,1685454455140,1687268855140
_:b239,1687268855140,1687268855140
_:b240,1685454455140,1687268855140
_:b241,1685454455140,1687268855140
_:b242,1687268855140,1687268855140
_:b243,1685454455140,1687268855140
_:b244,1685454455140,1687268855140
_:b245,1687268855140,1687268855140
_:b246,1685454455140,1687268855140
_:b247,1685454455140,1687268855140
_:b248,1687268855140,1687268855140
_:b249,1685454455140,1687268855140
_:b250,1685454455140,1687268855140
_:b251,1687268855140,1687268855140
_:b252,1687268855140,1687268855140
_:b253,1687268855140,1687268855140
_:b254,1687268855140,1687268855140
_:b255,1685454455140,1687268855140
_:b256,1685454455140,1687268855140
_:b257,1685454455140,1687268855140
_:b258,1687268855140,1687268855140
_:b259,1687268855140,1687268855140
_:b260,1687268855140,1687268855140
_:b261,1685454455140,1687268855140
_:b262,1687268855140,1687268855140
_:b263,1687268855140,1687268855140
_:b264,1687268855140,1687268855140
_:b265,1685454455140,1687268855140
_:b266,1685454455140,1687268855140
_:b267,1687268855140,1687268855140
_:b268,1685454455140,1687268855140
_:b269,1687268855140,1687268855140
_:b270,1687268855140,1687268855140
_:b271,1687268855140,1687268855140
_:b272,1685454455140,1687268855140
_:b273,1687268855140,1687268855140
_:b274,1685454455140,1687268855140
_:b275,1687268855140,1687268855140
_:b276,1685454455140,1687268855140
_:b277,1687268855140,1687268855140
_:b278,1685454455140,1687268855140
_:b279,1685454455140,1687268855140
_:b280,1687268855140,1687268855140
_:b281,1687268855140,1687268855140
_:b282,1685454455140,1687268855140
_:b283,1685454455140,1687268855140
_:b284,1685454455140,1687268855140
_:b285,1685454455140,1687268855140
_:b286,1687268855140,1687268855140
_:b287,1687268855140,1687268855140
_:b288,1685454455140,1687268855140
_:b289,1685454455140,1687268855140
_:b290,1687268855140,1687268855140
_:b291,1685454455140,1687268855140
_:b292,1687268855140,1687268855140
_:b293,1685454455140,1687268855140
_:b294,1685454455140,1687268855140
_:b295,1685454455140,1687268855140
_:b296,1685454455140,1687268855140
_:b297,1687268855140,1687268855140
_:b298,1685454455140,1687268855140
_:b299,1687268855140,1687268855140
_:b300,1685454455140,1687268855140
_:b301,1685454455140,1687268855140
_:b302,1685454455140,1687268855140
_:b303,1685454455140,1687268855140
_:b304,1687268855140,1687268855140
_:b305,1685454455140,1687268855140
_:b306,1685454455140,1687268855140
_:b307,1687268855140,1687268855140
_:b308,1687268855140,1687268855140
_:b309,1685454455140,1687268855140
_:b310,1687268855140,1687268855140
_:b311,1685454455140,1687268855140
_:b312,1687268855140,1687268855140
_:b313,1685454455140,1687268855140
_:b314,1687268855140,1687268855140
_:b315,1685454455140,1687268855140
_:b316,1685454455140,1687268855140
_:b317,1687268855140,1687268855140
_:b318,1685454455140,1687268855140
_:b319,1687268855140,1687268855140
_:b320,1685454455140,1687268855140
_:b321,1687268855140,1687268855140
_:b322,1687268855140,1687268855140
_:b323,1687268855140,1687268855140
_:b324,1685454455140,1687268855140
_:b325,1685454455140,1687268855140
_:b326,1685454455140,1687268855140
_:b327,1687268855140,1687268855140
_:b328,1685454455140,1687268855140
_:b329,1687268855140,1687268855140
_:b330,1687268855140,1687268855140
_:b331,1685454455140,1687268855140
_:b332,1687268855140,1687268855140
_:b333,1687268855140,1687268855140
_:b334,1685454455140,1687268855140
_:b335,1687268855140,1687268855140
_:b336,1685454455140,1687268855140
_:b337,1685454455140,1687268855140
_:b338,1685454455140,1687268855140
_:b339,1685454455140,1687268855140
_:b340,1687268855140,1687268855140
_:b341,1687268855140,1687268855140
_:b342,1685454455140,1687268855140
_:b343,1687268855140,1687268855140
_:b344,1685454455140,1687268855140
_:b345,1687268855140,1687268855140
_:b346,1685454455140,1687268855140
_:b347,1687268855140,1687268855140
_:b348,1687268855140,1687268855140
_:b349,1685454455140,1687268855140
_:b350,1685454455140,1687268855140
_:b351,1685454455140,1687268855140
_:b352,1687268855140,1687268855140
_:b353,1685454455140,1687268855140
_:b354,1685454455140,1687268855140
_:b355,1687268855140,1687268855140
_:b356,1685454455140,1687268855140
_:b357,1687268855140,1687268855140
_:b358,1685454455140,1687268855140
_:b359,1687268855140,1687268855140
_:b360,1687268855140,1687268855140
_:b361,1687268855140,1687268855140
_:b362,1685454455140,1687268855140
_:b363,1687268855140,1687268855140
_:b364,1685454455140,1687268855140
_:b365,1685454455140,1687268855140
_:b366,1685454455140,1687268855140
_:b367,1685454455140,1687268855140
_:b368,1687268855140,1687268855140
_:b369,1687268855140,1687268855140
_:b370,1685454455140,1687268855140
_:b371,1687268855140,1687268855140
_:b372,1685454455140,1687268855140
_:b373,1687268855140,1687268855140
_:b374,1685454455140,1687268855140
_:b375,1685454455140,1687268855140
_:b376,1685454455140,1687268855140
_:b377,1685454455140,1687268855140
_:b378,1687268855140,1687268855140
_:b379,1685454455140,1687268855140
_:b380,1687268855140,1687268855140
_:b381,1685454455140,1687268855140
_:b382,1687268855140,1687268855140
_:b383,1685454455140,1687268855140
_:b384,1687268855140,1687268855140
_:b385,1685454455140,1687268855140
_:b386,1685454455140,1687268855140
_:b387,1685454455140,1687268855140
_:b388,1687268855140,1687268855140
_:b389,1687268855140,1687268855140
_:b390,1687268855140,1687268855140
_:b391,1685454455140,1687268855140
_:b392,1685454455140,1687268855140
_:b393,1685454455140,1687268855140
_:b394,1687268855140,1687268855140
_:b395,1685454455140,1687268855140
_:b396,1685454455140,1687268855140
_:b397,1687268855140,1687268855140
_:b398,1685454455140,1687268855140
_:b399,1687268855140,1687268855140
_:b400,1685454455140,1687268855140
_:b401,1685454455140,1687268855140
_:b402,1687268855140,1687268855140
_:b403,1687268855140,1687268855140
_:b404,1687268855140,1687268855140
_:b405,1685454455140,1687268855140
_:b406,1685454455140,1687268855140
_:b407,1685454455140,1687268855140
_:b408,1687268855140,1687268855140
_:b409,1685454455140,1687268855140
_:b410,1685454455140,1687268855140
_:b411,1687268855140,1687268855140
_:b412,1687268855140,1687268855140
_:b413,1685454455140,1687268855140
_:b414,1685454455140,1687268855140
_:b415,1685454455140,1687268855140
_:b416,1685454455140,1687268855140
_:b417,1685454455140,1687268855140
_:b418,1687268855140,1687268855140
_:b419,1687268855140,1687268855140
_:b420,1685454455140,1687268855140
_:b421,1685454455140,1687268855140
_:b422,1685454455140,1687268855140
_:b423,1687268855140,1687268855140
_:b424,1685454455140,1687268855140
_:b425,1685454455140,1687268855140
_:b426,1685454455140,1687268855140
_:b427,1685454455140,1687268855140
_:b428,1687268855140,1687268855140
_:b429,1687268855140,1687268855140
_:b430,1685454455140,1687268855140
_:b431,1687268855140,1687268855140
_:b432,1687268855140,1687268855140
_:b433,1685454455140,1687268855140
_:b434,1685454455140,1687268855140
_:b435,1687268855140,1687268855140
_:b436,1685454455140,1687268855140
_:b437,1685454455140,1687268855140
_:b438,1685454455140,1687268855140
_:b439,1685454455140,1687268855140
_:b440,1687268855140,1687268855140
_:b441,1687268855140,1687268855140
_:b442,1687268855140,1687268855140
_:b443,1687268855140,1687268855140
_:b444,1685454455140,1687268855140
_:b445,1687268855140,1687268855140
_:b446,1687268855140,1687268855140
